benchmark,warmup_iter,iter,name,command,duration,lines,env
linux_alternates,1,3,rg (ignore),rg -n ERR_SYS|PME_TURN_OFF|LINK_REQ_RST|CFG_BME_EVT,0.09608030319213867,68,
linux_alternates,1,3,rg (ignore),rg -n ERR_SYS|PME_TURN_OFF|LINK_REQ_RST|CFG_BME_EVT,0.08815908432006836,68,
linux_alternates,1,3,rg (ignore),rg -n ERR_SYS|PME_TURN_OFF|LINK_REQ_RST|CFG_BME_EVT,0.08974266052246094,68,
linux_alternates,1,3,rg (whitelist),rg --no-ignore -n ERR_SYS|PME_TURN_OFF|LINK_REQ_RST|CFG_BME_EVT,0.06675052642822266,68,
linux_alternates,1,3,rg (whitelist),rg --no-ignore -n ERR_SYS|PME_TURN_OFF|LINK_REQ_RST|CFG_BME_EVT,0.06632375717163086,68,
linux_alternates,1,3,rg (whitelist),rg --no-ignore -n ERR_SYS|PME_TURN_OFF|LINK_REQ_RST|CFG_BME_EVT,0.06531620025634766,68,
linux_alternates_casei,1,3,rg (ignore),rg -n -i ERR_SYS|PME_TURN_OFF|LINK_REQ_RST|CFG_BME_EVT,0.09764790534973145,160,
linux_alternates_casei,1,3,rg (ignore),rg -n -i ERR_SYS|PME_TURN_OFF|LINK_REQ_RST|CFG_BME_EVT,0.10003781318664551,160,
linux_alternates_casei,1,3,rg (ignore),rg -n -i ERR_SYS|PME_TURN_OFF|LINK_REQ_RST|CFG_BME_EVT,0.10493707656860352,160,
linux_alternates_casei,1,3,rg (whitelist),rg --no-ignore -n -i ERR_SYS|PME_TURN_OFF|LINK_REQ_RST|CFG_BME_EVT,0.07940077781677246,160,
linux_alternates_casei,1,3,rg (whitelist),rg --no-ignore -n -i ERR_SYS|PME_TURN_OFF|LINK_REQ_RST|CFG_BME_EVT,0.07863998413085938,160,
linux_alternates_casei,1,3,rg (whitelist),rg --no-ignore -n -i ERR_SYS|PME_TURN_OFF|LINK_REQ_RST|CFG_BME_EVT,0.07791614532470703,160,
linux_literal,1,3,rg (ignore),rg -n PM_RESUME,0.06878829002380371,16,
linux_literal,1,3,rg (ignore),rg -n PM_RESUME,0.06836318969726562,16,
linux_literal,1,3,rg (ignore),rg -n PM_RESUME,0.07277226448059082,16,
linux_literal,1,3,rg (ignore) (mmap),rg -n --mmap PM_RESUME,0.379986047744751,16,
linux_literal,1,3,rg (ignore) (mmap),rg -n --mmap PM_RESUME,0.40039825439453125,16,
linux_literal,1,3,rg (ignore) (mmap),rg -n --mmap PM_RESUME,0.39777183532714844,16,
linux_literal,1,3,rg (whitelist),rg -n --no-ignore -tall PM_RESUME,0.059081315994262695,16,
linux_literal,1,3,rg (whitelist),rg -n --no-ignore -tall PM_RESUME,0.05873990058898926,16,
linux_literal,1,3,rg (whitelist),rg -n --no-ignore -tall PM_RESUME,0.0586698055267334,16,
linux_literal_casei,1,3,rg (ignore),rg -n -i PM_RESUME,0.07791399955749512,370,
linux_literal_casei,1,3,rg (ignore),rg -n -i PM_RESUME,0.0774388313293457,370,
linux_literal_casei,1,3,rg (ignore),rg -n -i PM_RESUME,0.07851481437683105,370,
linux_literal_casei,1,3,rg (ignore) (mmap),rg -n -i --mmap PM_RESUME,0.3788566589355469,370,
linux_literal_casei,1,3,rg (ignore) (mmap),rg -n -i --mmap PM_RESUME,0.385251522064209,370,
linux_literal_casei,1,3,rg (ignore) (mmap),rg -n -i --mmap PM_RESUME,0.38781046867370605,370,
linux_literal_casei,1,3,rg (whitelist),rg -n -i --no-ignore -tall PM_RESUME,0.06934094429016113,370,
linux_literal_casei,1,3,rg (whitelist),rg -n -i --no-ignore -tall PM_RESUME,0.07142090797424316,370,
linux_literal_casei,1,3,rg (whitelist),rg -n -i --no-ignore -tall PM_RESUME,0.07115054130554199,370,
linux_literal_default,1,3,rg,rg PM_RESUME,0.06683826446533203,16,
linux_literal_default,1,3,rg,rg PM_RESUME,0.0690450668334961,16,
linux_literal_default,1,3,rg,rg PM_RESUME,0.06625819206237793,16,
linux_no_literal,1,3,rg (ignore),rg -n \w{5}\s+\w{5}\s+\w{5}\s+\w{5}\s+\w{5},0.2812047004699707,490,
linux_no_literal,1,3,rg (ignore),rg -n \w{5}\s+\w{5}\s+\w{5}\s+\w{5}\s+\w{5},0.2557988166809082,490,
linux_no_literal,1,3,rg (ignore),rg -n \w{5}\s+\w{5}\s+\w{5}\s+\w{5}\s+\w{5},0.2892444133758545,490,
linux_no_literal,1,3,rg (ignore) (ASCII),rg -n (?-u)\w{5}\s+\w{5}\s+\w{5}\s+\w{5}\s+\w{5},0.16913127899169922,490,
linux_no_literal,1,3,rg (ignore) (ASCII),rg -n (?-u)\w{5}\s+\w{5}\s+\w{5}\s+\w{5}\s+\w{5},0.16315627098083496,490,
linux_no_literal,1,3,rg (ignore) (ASCII),rg -n (?-u)\w{5}\s+\w{5}\s+\w{5}\s+\w{5}\s+\w{5},0.16622567176818848,490,
linux_no_literal,1,3,rg (whitelist),rg -n --no-ignore -tall \w{5}\s+\w{5}\s+\w{5}\s+\w{5}\s+\w{5},0.2771792411804199,419,
linux_no_literal,1,3,rg (whitelist),rg -n --no-ignore -tall \w{5}\s+\w{5}\s+\w{5}\s+\w{5}\s+\w{5},0.2861213684082031,419,
linux_no_literal,1,3,rg (whitelist),rg -n --no-ignore -tall \w{5}\s+\w{5}\s+\w{5}\s+\w{5}\s+\w{5},0.2742443084716797,419,
linux_no_literal,1,3,rg (whitelist) (ASCII),rg -n --no-ignore -tall (?-u)\w{5}\s+\w{5}\s+\w{5}\s+\w{5}\s+\w{5},0.15151619911193848,419,
linux_no_literal,1,3,rg (whitelist) (ASCII),rg -n --no-ignore -tall (?-u)\w{5}\s+\w{5}\s+\w{5}\s+\w{5}\s+\w{5},0.15233445167541504,419,
linux_no_literal,1,3,rg (whitelist) (ASCII),rg -n --no-ignore -tall (?-u)\w{5}\s+\w{5}\s+\w{5}\s+\w{5}\s+\w{5},0.1620476245880127,419,
linux_re_literal_suffix,1,3,rg (ignore),rg -n [A-Z]+_RESUME,0.07045555114746094,1652,
linux_re_literal_suffix,1,3,rg (ignore),rg -n [A-Z]+_RESUME,0.07046008110046387,1652,
linux_re_literal_suffix,1,3,rg (ignore),rg -n [A-Z]+_RESUME,0.07087540626525879,1652,
linux_re_literal_suffix,1,3,rg (whitelist),rg -n --no-ignore -tall [A-Z]+_RESUME,0.06178712844848633,1630,
linux_re_literal_suffix,1,3,rg (whitelist),rg -n --no-ignore -tall [A-Z]+_RESUME,0.0631401538848877,1630,
linux_re_literal_suffix,1,3,rg (whitelist),rg -n --no-ignore -tall [A-Z]+_RESUME,0.0627889633178711,1630,
linux_unicode_greek,1,3,rg,rg -n \p{Greek},0.16510963439941406,23,
linux_unicode_greek,1,3,rg,rg -n \p{Greek},0.16919803619384766,23,
linux_unicode_greek,1,3,rg,rg -n \p{Greek},0.16366028785705566,23,
linux_unicode_greek_casei,1,3,rg,rg -n -i \p{Greek},0.17235875129699707,103,
linux_unicode_greek_casei,1,3,rg,rg -n -i \p{Greek},0.16506695747375488,103,
linux_unicode_greek_casei,1,3,rg,rg -n -i \p{Greek},0.16702055931091309,103,
linux_unicode_word,1,3,rg (ignore),rg -n \wAh,0.07636308670043945,186,
linux_unicode_word,1,3,rg (ignore),rg -n \wAh,0.0767667293548584,186,
linux_unicode_word,1,3,rg (ignore),rg -n \wAh,0.07441020011901855,186,
linux_unicode_word,1,3,rg (ignore) (ASCII),rg -n (?-u)\wAh,0.07776570320129395,174,
linux_unicode_word,1,3,rg (ignore) (ASCII),rg -n (?-u)\wAh,0.07788562774658203,174,
linux_unicode_word,1,3,rg (ignore) (ASCII),rg -n (?-u)\wAh,0.07390785217285156,174,
linux_unicode_word,1,3,rg (whitelist),rg -n --no-ignore -tall \wAh,0.06318306922912598,180,
linux_unicode_word,1,3,rg (whitelist),rg -n --no-ignore -tall \wAh,0.06787896156311035,180,
linux_unicode_word,1,3,rg (whitelist),rg -n --no-ignore -tall \wAh,0.06569766998291016,180,
linux_unicode_word,1,3,rg (whitelist) (ASCII),rg -n --no-ignore -tall (?-u)\wAh,0.06557774543762207,168,
linux_unicode_word,1,3,rg (whitelist) (ASCII),rg -n --no-ignore -tall (?-u)\wAh,0.06389331817626953,168,
linux_unicode_word,1,3,rg (whitelist) (ASCII),rg -n --no-ignore -tall (?-u)\wAh,0.06407284736633301,168,
linux_word,1,3,rg (ignore),rg -n -w PM_RESUME,0.06868839263916016,6,
linux_word,1,3,rg (ignore),rg -n -w PM_RESUME,0.07014894485473633,6,
linux_word,1,3,rg (ignore),rg -n -w PM_RESUME,0.06822323799133301,6,
linux_word,1,3,rg (whitelist),rg -n -w --no-ignore -tall PM_RESUME,0.05816149711608887,6,
linux_word,1,3,rg (whitelist),rg -n -w --no-ignore -tall PM_RESUME,0.0577540397644043,6,
linux_word,1,3,rg (whitelist),rg -n -w --no-ignore -tall PM_RESUME,0.06107187271118164,6,
subtitles_en_alternate,1,3,rg (lines),rg -n Sherlock Holmes|John Watson|Irene Adler|Inspector Lestrade|Professor Moriarty /data/benchsuite/subtitles/OpenSubtitles2016.raw.sample.en,0.38473939895629883,848,
subtitles_en_alternate,1,3,rg (lines),rg -n Sherlock Holmes|John Watson|Irene Adler|Inspector Lestrade|Professor Moriarty /data/benchsuite/subtitles/OpenSubtitles2016.raw.sample.en,0.2760040760040283,848,
subtitles_en_alternate,1,3,rg (lines),rg -n Sherlock Holmes|John Watson|Irene Adler|Inspector Lestrade|Professor Moriarty /data/benchsuite/subtitles/OpenSubtitles2016.raw.sample.en,0.366499662399292,848,
subtitles_en_alternate,1,3,rg,rg Sherlock Holmes|John Watson|Irene Adler|Inspector Lestrade|Professor Moriarty /data/benchsuite/subtitles/OpenSubtitles2016.raw.sample.en,0.32836484909057617,848,
subtitles_en_alternate,1,3,rg,rg Sherlock Holmes|John Watson|Irene Adler|Inspector Lestrade|Professor Moriarty /data/benchsuite/subtitles/OpenSubtitles2016.raw.sample.en,0.3063969612121582,848,
subtitles_en_alternate,1,3,rg,rg Sherlock Holmes|John Watson|Irene Adler|Inspector Lestrade|Professor Moriarty /data/benchsuite/subtitles/OpenSubtitles2016.raw.sample.en,0.3368823528289795,848,
subtitles_en_alternate_casei,1,3,rg,rg -n -i Sherlock Holmes|John Watson|Irene Adler|Inspector Lestrade|Professor Moriarty /data/benchsuite/subtitles/OpenSubtitles2016.raw.sample.en,2.2332417964935303,862,
subtitles_en_alternate_casei,1,3,rg,rg -n -i Sherlock Holmes|John Watson|Irene Adler|Inspector Lestrade|Professor Moriarty /data/benchsuite/subtitles/OpenSubtitles2016.raw.sample.en,2.0444729328155518,862,
subtitles_en_alternate_casei,1,3,rg,rg -n -i Sherlock Holmes|John Watson|Irene Adler|Inspector Lestrade|Professor Moriarty /data/benchsuite/subtitles/OpenSubtitles2016.raw.sample.en,2.0396711826324463,862,
subtitles_en_literal,1,3,rg,rg Sherlock Holmes /data/benchsuite/subtitles/OpenSubtitles2016.raw.sample.en,0.13685226440429688,629,
subtitles_en_literal,1,3,rg,rg Sherlock Holmes /data/benchsuite/subtitles/OpenSubtitles2016.raw.sample.en,0.1380929946899414,629,
subtitles_en_literal,1,3,rg,rg Sherlock Holmes /data/benchsuite/subtitles/OpenSubtitles2016.raw.sample.en,0.13843274116516113,629,
subtitles_en_literal,1,3,rg (no mmap),rg --no-mmap Sherlock Holmes /data/benchsuite/subtitles/OpenSubtitles2016.raw.sample.en,0.192030668258667,629,
subtitles_en_literal,1,3,rg (no mmap),rg --no-mmap Sherlock Holmes /data/benchsuite/subtitles/OpenSubtitles2016.raw.sample.en,0.1971268653869629,629,
subtitles_en_literal,1,3,rg (no mmap),rg --no-mmap Sherlock Holmes /data/benchsuite/subtitles/OpenSubtitles2016.raw.sample.en,0.2931783199310303,629,
subtitles_en_literal,1,3,rg (lines),rg -n Sherlock Holmes /data/benchsuite/subtitles/OpenSubtitles2016.raw.sample.en,0.2777669429779053,629,
subtitles_en_literal,1,3,rg (lines),rg -n Sherlock Holmes /data/benchsuite/subtitles/OpenSubtitles2016.raw.sample.en,0.28525233268737793,629,
subtitles_en_literal,1,3,rg (lines),rg -n Sherlock Holmes /data/benchsuite/subtitles/OpenSubtitles2016.raw.sample.en,0.22691082954406738,629,
subtitles_en_literal_casei,1,3,rg,rg -i Sherlock Holmes /data/benchsuite/subtitles/OpenSubtitles2016.raw.sample.en,0.31324243545532227,642,
subtitles_en_literal_casei,1,3,rg,rg -i Sherlock Holmes /data/benchsuite/subtitles/OpenSubtitles2016.raw.sample.en,0.4144246578216553,642,
subtitles_en_literal_casei,1,3,rg,rg -i Sherlock Holmes /data/benchsuite/subtitles/OpenSubtitles2016.raw.sample.en,0.41251444816589355,642,
subtitles_en_literal_casei,1,3,rg (lines),rg -n -i Sherlock Holmes /data/benchsuite/subtitles/OpenSubtitles2016.raw.sample.en,0.492443323135376,642,
subtitles_en_literal_casei,1,3,rg (lines),rg -n -i Sherlock Holmes /data/benchsuite/subtitles/OpenSubtitles2016.raw.sample.en,0.4691810607910156,642,
subtitles_en_literal_casei,1,3,rg (lines),rg -n -i Sherlock Holmes /data/benchsuite/subtitles/OpenSubtitles2016.raw.sample.en,0.4890565872192383,642,
subtitles_en_literal_word,1,3,rg (ASCII),rg -n (?-u:\b)Sherlock Holmes(?-u:\b) /data/benchsuite/subtitles/OpenSubtitles2016.raw.sample.en,0.2987544536590576,629,
subtitles_en_literal_word,1,3,rg (ASCII),rg -n (?-u:\b)Sherlock Holmes(?-u:\b) /data/benchsuite/subtitles/OpenSubtitles2016.raw.sample.en,0.28134918212890625,629,
subtitles_en_literal_word,1,3,rg (ASCII),rg -n (?-u:\b)Sherlock Holmes(?-u:\b) /data/benchsuite/subtitles/OpenSubtitles2016.raw.sample.en,0.29971933364868164,629,
subtitles_en_literal_word,1,3,rg,rg -nw Sherlock Holmes /data/benchsuite/subtitles/OpenSubtitles2016.raw.sample.en,0.22062921524047852,629,
subtitles_en_literal_word,1,3,rg,rg -nw Sherlock Holmes /data/benchsuite/subtitles/OpenSubtitles2016.raw.sample.en,0.2716941833496094,629,
subtitles_en_literal_word,1,3,rg,rg -nw Sherlock Holmes /data/benchsuite/subtitles/OpenSubtitles2016.raw.sample.en,0.2172706127166748,629,
subtitles_en_no_literal,1,3,rg,rg -n \w{5}\s+\w{5}\s+\w{5}\s+\w{5}\s+\w{5}\s+\w{5}\s+\w{5} /data/benchsuite/subtitles/OpenSubtitles2016.raw.sample.en,2.0828537940979004,13,
subtitles_en_no_literal,1,3,rg,rg -n \w{5}\s+\w{5}\s+\w{5}\s+\w{5}\s+\w{5}\s+\w{5}\s+\w{5} /data/benchsuite/subtitles/OpenSubtitles2016.raw.sample.en,1.8791723251342773,13,
subtitles_en_no_literal,1,3,rg,rg -n \w{5}\s+\w{5}\s+\w{5}\s+\w{5}\s+\w{5}\s+\w{5}\s+\w{5} /data/benchsuite/subtitles/OpenSubtitles2016.raw.sample.en,2.079643964767456,13,
subtitles_en_no_literal,1,3,rg (ASCII),rg -n (?-u)\w{5}\s+\w{5}\s+\w{5}\s+\w{5}\s+\w{5}\s+\w{5}\s+\w{5} /data/benchsuite/subtitles/OpenSubtitles2016.raw.sample.en,1.8388440608978271,13,
subtitles_en_no_literal,1,3,rg (ASCII),rg -n (?-u)\w{5}\s+\w{5}\s+\w{5}\s+\w{5}\s+\w{5}\s+\w{5}\s+\w{5} /data/benchsuite/subtitles/OpenSubtitles2016.raw.sample.en,1.8970744609832764,13,
subtitles_en_no_literal,1,3,rg (ASCII),rg -n (?-u)\w{5}\s+\w{5}\s+\w{5}\s+\w{5}\s+\w{5}\s+\w{5}\s+\w{5} /data/benchsuite/subtitles/OpenSubtitles2016.raw.sample.en,1.6844482421875,13,
subtitles_en_surrounding_words,1,3,rg,rg -n \w+\s+Holmes\s+\w+ /data/benchsuite/subtitles/OpenSubtitles2016.raw.sample.en,0.28177690505981445,317,
subtitles_en_surrounding_words,1,3,rg,rg -n \w+\s+Holmes\s+\w+ /data/benchsuite/subtitles/OpenSubtitles2016.raw.sample.en,0.29820775985717773,317,
subtitles_en_surrounding_words,1,3,rg,rg -n \w+\s+Holmes\s+\w+ /data/benchsuite/subtitles/OpenSubtitles2016.raw.sample.en,0.2861142158508301,317,
subtitles_en_surrounding_words,1,3,rg (ASCII),rg -n (?-u)\w+\s+Holmes\s+\w+ /data/benchsuite/subtitles/OpenSubtitles2016.raw.sample.en,0.22010159492492676,317,
subtitles_en_surrounding_words,1,3,rg (ASCII),rg -n (?-u)\w+\s+Holmes\s+\w+ /data/benchsuite/subtitles/OpenSubtitles2016.raw.sample.en,0.22217011451721191,317,
subtitles_en_surrounding_words,1,3,rg (ASCII),rg -n (?-u)\w+\s+Holmes\s+\w+ /data/benchsuite/subtitles/OpenSubtitles2016.raw.sample.en,0.2219986915588379,317,
subtitles_ru_alternate,1,3,rg (lines),rg -n Шерлок Холмс|Джон Уотсон|Ирен Адлер|инспектор Лестрейд|профессор Мориарти /data/benchsuite/subtitles/OpenSubtitles2016.raw.ru,1.146566390991211,691,
subtitles_ru_alternate,1,3,rg (lines),rg -n Шерлок Холмс|Джон Уотсон|Ирен Адлер|инспектор Лестрейд|профессор Мориарти /data/benchsuite/subtitles/OpenSubtitles2016.raw.ru,1.3609087467193604,691,
subtitles_ru_alternate,1,3,rg (lines),rg -n Шерлок Холмс|Джон Уотсон|Ирен Адлер|инспектор Лестрейд|профессор Мориарти /data/benchsuite/subtitles/OpenSubtitles2016.raw.ru,1.1496453285217285,691,
subtitles_ru_alternate,1,3,rg,rg Шерлок Холмс|Джон Уотсон|Ирен Адлер|инспектор Лестрейд|профессор Мориарти /data/benchsuite/subtitles/OpenSubtitles2016.raw.ru,1.281858205795288,691,
subtitles_ru_alternate,1,3,rg,rg Шерлок Холмс|Джон Уотсон|Ирен Адлер|инспектор Лестрейд|профессор Мориарти /data/benchsuite/subtitles/OpenSubtitles2016.raw.ru,1.365553855895996,691,
subtitles_ru_alternate,1,3,rg,rg Шерлок Холмс|Джон Уотсон|Ирен Адлер|инспектор Лестрейд|профессор Мориарти /data/benchsuite/subtitles/OpenSubtitles2016.raw.ru,1.2781758308410645,691,
subtitles_ru_alternate_casei,1,3,rg,rg -n -i Шерлок Холмс|Джон Уотсон|Ирен Адлер|инспектор Лестрейд|профессор Мориарти /data/benchsuite/subtitles/OpenSubtitles2016.raw.ru,3.622640609741211,735,
subtitles_ru_alternate_casei,1,3,rg,rg -n -i Шерлок Холмс|Джон Уотсон|Ирен Адлер|инспектор Лестрейд|профессор Мориарти /data/benchsuite/subtitles/OpenSubtitles2016.raw.ru,3.7452948093414307,735,
subtitles_ru_alternate_casei,1,3,rg,rg -n -i Шерлок Холмс|Джон Уотсон|Ирен Адлер|инспектор Лестрейд|профессор Мориарти /data/benchsuite/subtitles/OpenSubtitles2016.raw.ru,3.762295961380005,735,
subtitles_ru_literal,1,3,rg,rg Шерлок Холмс /data/benchsuite/subtitles/OpenSubtitles2016.raw.ru,0.27922916412353516,583,
subtitles_ru_literal,1,3,rg,rg Шерлок Холмс /data/benchsuite/subtitles/OpenSubtitles2016.raw.ru,0.2578129768371582,583,
subtitles_ru_literal,1,3,rg,rg Шерлок Холмс /data/benchsuite/subtitles/OpenSubtitles2016.raw.ru,0.21048188209533691,583,
subtitles_ru_literal,1,3,rg (no mmap),rg --no-mmap Шерлок Холмс /data/benchsuite/subtitles/OpenSubtitles2016.raw.ru,0.34738945960998535,583,
subtitles_ru_literal,1,3,rg (no mmap),rg --no-mmap Шерлок Холмс /data/benchsuite/subtitles/OpenSubtitles2016.raw.ru,0.368546724319458,583,
subtitles_ru_literal,1,3,rg (no mmap),rg --no-mmap Шерлок Холмс /data/benchsuite/subtitles/OpenSubtitles2016.raw.ru,0.35752224922180176,583,
subtitles_ru_literal,1,3,rg (lines),rg -n Шерлок Холмс /data/benchsuite/subtitles/OpenSubtitles2016.raw.ru,0.2654876708984375,583,
subtitles_ru_literal,1,3,rg (lines),rg -n Шерлок Холмс /data/benchsuite/subtitles/OpenSubtitles2016.raw.ru,0.2697427272796631,583,
subtitles_ru_literal,1,3,rg (lines),rg -n Шерлок Холмс /data/benchsuite/subtitles/OpenSubtitles2016.raw.ru,0.3652024269104004,583,
subtitles_ru_literal_casei,1,3,rg,rg -i Шерлок Холмс /data/benchsuite/subtitles/OpenSubtitles2016.raw.ru,1.178579330444336,604,
subtitles_ru_literal_casei,1,3,rg,rg -i Шерлок Холмс /data/benchsuite/subtitles/OpenSubtitles2016.raw.ru,1.1693329811096191,604,
subtitles_ru_literal_casei,1,3,rg,rg -i Шерлок Холмс /data/benchsuite/subtitles/OpenSubtitles2016.raw.ru,1.144824504852295,604,
subtitles_ru_literal_casei,1,3,rg (lines),rg -n -i Шерлок Холмс /data/benchsuite/subtitles/OpenSubtitles2016.raw.ru,1.0454356670379639,604,
subtitles_ru_literal_casei,1,3,rg (lines),rg -n -i Шерлок Холмс /data/benchsuite/subtitles/OpenSubtitles2016.raw.ru,1.0725409984588623,604,
subtitles_ru_literal_casei,1,3,rg (lines),rg -n -i Шерлок Холмс /data/benchsuite/subtitles/OpenSubtitles2016.raw.ru,1.2725732326507568,604,
subtitles_ru_literal_word,1,3,rg (ASCII),rg -n (?-u:\b)Шерлок Холмс(?-u:\b) /data/benchsuite/subtitles/OpenSubtitles2016.raw.ru,0.20514369010925293,,
subtitles_ru_literal_word,1,3,rg (ASCII),rg -n (?-u:\b)Шерлок Холмс(?-u:\b) /data/benchsuite/subtitles/OpenSubtitles2016.raw.ru,0.18602967262268066,,
subtitles_ru_literal_word,1,3,rg (ASCII),rg -n (?-u:\b)Шерлок Холмс(?-u:\b) /data/benchsuite/subtitles/OpenSubtitles2016.raw.ru,0.2725963592529297,,
subtitles_ru_literal_word,1,3,rg,rg -nw Шерлок Холмс /data/benchsuite/subtitles/OpenSubtitles2016.raw.ru,0.35959553718566895,579,
subtitles_ru_literal_word,1,3,rg,rg -nw Шерлок Холмс /data/benchsuite/subtitles/OpenSubtitles2016.raw.ru,0.36090755462646484,579,
subtitles_ru_literal_word,1,3,rg,rg -nw Шерлок Холмс /data/benchsuite/subtitles/OpenSubtitles2016.raw.ru,0.35926032066345215,579,
subtitles_ru_no_literal,1,3,rg,rg -n \w{5}\s+\w{5}\s+\w{5}\s+\w{5}\s+\w{5}\s+\w{5}\s+\w{5} /data/benchsuite/subtitles/OpenSubtitles2016.raw.ru,3.509491205215454,41,
subtitles_ru_no_literal,1,3,rg,rg -n \w{5}\s+\w{5}\s+\w{5}\s+\w{5}\s+\w{5}\s+\w{5}\s+\w{5} /data/benchsuite/subtitles/OpenSubtitles2016.raw.ru,3.292212963104248,41,
subtitles_ru_no_literal,1,3,rg,rg -n \w{5}\s+\w{5}\s+\w{5}\s+\w{5}\s+\w{5}\s+\w{5}\s+\w{5} /data/benchsuite/subtitles/OpenSubtitles2016.raw.ru,3.4941117763519287,41,
subtitles_ru_no_literal,1,3,rg (ASCII),rg -n (?-u)\w{5}\s+\w{5}\s+\w{5}\s+\w{5}\s+\w{5}\s+\w{5}\s+\w{5} /data/benchsuite/subtitles/OpenSubtitles2016.raw.ru,3.0987064838409424,,
subtitles_ru_no_literal,1,3,rg (ASCII),rg -n (?-u)\w{5}\s+\w{5}\s+\w{5}\s+\w{5}\s+\w{5}\s+\w{5}\s+\w{5} /data/benchsuite/subtitles/OpenSubtitles2016.raw.ru,3.1049976348876953,,
subtitles_ru_no_literal,1,3,rg (ASCII),rg -n (?-u)\w{5}\s+\w{5}\s+\w{5}\s+\w{5}\s+\w{5}\s+\w{5}\s+\w{5} /data/benchsuite/subtitles/OpenSubtitles2016.raw.ru,3.098233222961426,,
subtitles_ru_surrounding_words,1,3,rg,rg -n \w+\s+Холмс\s+\w+ /data/benchsuite/subtitles/OpenSubtitles2016.raw.ru,0.3214902877807617,278,
subtitles_ru_surrounding_words,1,3,rg,rg -n \w+\s+Холмс\s+\w+ /data/benchsuite/subtitles/OpenSubtitles2016.raw.ru,0.38519954681396484,278,
subtitles_ru_surrounding_words,1,3,rg,rg -n \w+\s+Холмс\s+\w+ /data/benchsuite/subtitles/OpenSubtitles2016.raw.ru,0.3827836513519287,278,
