benchmark,warmup_iter,iter,name,command,duration,lines,env
linux_alternates,1,3,rg (ignore),rg -n ERR_SYS|PME_TURN_OFF|LINK_REQ_RST|CFG_BME_EVT,0.09865546226501465,68,
linux_alternates,1,3,rg (ignore),rg -n ERR_SYS|PME_TURN_OFF|LINK_REQ_RST|CFG_BME_EVT,0.08865809440612793,68,
linux_alternates,1,3,rg (ignore),rg -n ERR_SYS|PME_TURN_OFF|LINK_REQ_RST|CFG_BME_EVT,0.0934293270111084,68,
linux_alternates,1,3,rg (whitelist),rg --no-ignore -n ERR_SYS|PME_TURN_OFF|LINK_REQ_RST|CFG_BME_EVT,0.07241153717041016,68,
linux_alternates,1,3,rg (whitelist),rg --no-ignore -n ERR_SYS|PME_TURN_OFF|LINK_REQ_RST|CFG_BME_EVT,0.06905841827392578,68,
linux_alternates,1,3,rg (whitelist),rg --no-ignore -n ERR_SYS|PME_TURN_OFF|LINK_REQ_RST|CFG_BME_EVT,0.06687068939208984,68,
linux_alternates_casei,1,3,rg (ignore),rg -n -i ERR_SYS|PME_TURN_OFF|LINK_REQ_RST|CFG_BME_EVT,0.1011350154876709,160,
linux_alternates_casei,1,3,rg (ignore),rg -n -i ERR_SYS|PME_TURN_OFF|LINK_REQ_RST|CFG_BME_EVT,0.1053009033203125,160,
linux_alternates_casei,1,3,rg (ignore),rg -n -i ERR_SYS|PME_TURN_OFF|LINK_REQ_RST|CFG_BME_EVT,0.10577726364135742,160,
linux_alternates_casei,1,3,rg (whitelist),rg --no-ignore -n -i ERR_SYS|PME_TURN_OFF|LINK_REQ_RST|CFG_BME_EVT,0.0832066535949707,160,
linux_alternates_casei,1,3,rg (whitelist),rg --no-ignore -n -i ERR_SYS|PME_TURN_OFF|LINK_REQ_RST|CFG_BME_EVT,0.0812225341796875,160,
linux_alternates_casei,1,3,rg (whitelist),rg --no-ignore -n -i ERR_SYS|PME_TURN_OFF|LINK_REQ_RST|CFG_BME_EVT,0.08363056182861328,160,
linux_literal,1,3,rg (ignore),rg -n PM_RESUME,0.07260608673095703,16,
linux_literal,1,3,rg (ignore),rg -n PM_RESUME,0.06956887245178223,16,
linux_literal,1,3,rg (ignore),rg -n PM_RESUME,0.07262110710144043,16,
linux_literal,1,3,rg (ignore) (mmap),rg -n --mmap PM_RESUME,0.3854484558105469,16,
linux_literal,1,3,rg (ignore) (mmap),rg -n --mmap PM_RESUME,0.3801109790802002,16,
linux_literal,1,3,rg (ignore) (mmap),rg -n --mmap PM_RESUME,0.38498902320861816,16,
linux_literal,1,3,rg (whitelist),rg -n --no-ignore -tall PM_RESUME,0.06220889091491699,16,
linux_literal,1,3,rg (whitelist),rg -n --no-ignore -tall PM_RESUME,0.059615373611450195,16,
linux_literal,1,3,rg (whitelist),rg -n --no-ignore -tall PM_RESUME,0.06207394599914551,16,
linux_literal_casei,1,3,rg (ignore),rg -n -i PM_RESUME,0.08192729949951172,370,
linux_literal_casei,1,3,rg (ignore),rg -n -i PM_RESUME,0.08037471771240234,370,
linux_literal_casei,1,3,rg (ignore),rg -n -i PM_RESUME,0.08067464828491211,370,
linux_literal_casei,1,3,rg (ignore) (mmap),rg -n -i --mmap PM_RESUME,0.3890647888183594,370,
linux_literal_casei,1,3,rg (ignore) (mmap),rg -n -i --mmap PM_RESUME,0.3882875442504883,370,
linux_literal_casei,1,3,rg (ignore) (mmap),rg -n -i --mmap PM_RESUME,0.3826119899749756,370,
linux_literal_casei,1,3,rg (whitelist),rg -n -i --no-ignore -tall PM_RESUME,0.07255673408508301,370,
linux_literal_casei,1,3,rg (whitelist),rg -n -i --no-ignore -tall PM_RESUME,0.07240700721740723,370,
linux_literal_casei,1,3,rg (whitelist),rg -n -i --no-ignore -tall PM_RESUME,0.06744766235351562,370,
linux_literal_default,1,3,rg,rg PM_RESUME,0.06866455078125,16,
linux_literal_default,1,3,rg,rg PM_RESUME,0.06612515449523926,16,
linux_literal_default,1,3,rg,rg PM_RESUME,0.06630897521972656,16,
linux_no_literal,1,3,rg (ignore),rg -n \w{5}\s+\w{5}\s+\w{5}\s+\w{5}\s+\w{5},0.30286335945129395,490,
linux_no_literal,1,3,rg (ignore),rg -n \w{5}\s+\w{5}\s+\w{5}\s+\w{5}\s+\w{5},0.2710304260253906,490,
linux_no_literal,1,3,rg (ignore),rg -n \w{5}\s+\w{5}\s+\w{5}\s+\w{5}\s+\w{5},0.30267834663391113,490,
linux_no_literal,1,3,rg (ignore) (ASCII),rg -n (?-u)\w{5}\s+\w{5}\s+\w{5}\s+\w{5}\s+\w{5},0.16382431983947754,490,
linux_no_literal,1,3,rg (ignore) (ASCII),rg -n (?-u)\w{5}\s+\w{5}\s+\w{5}\s+\w{5}\s+\w{5},0.1649789810180664,490,
linux_no_literal,1,3,rg (ignore) (ASCII),rg -n (?-u)\w{5}\s+\w{5}\s+\w{5}\s+\w{5}\s+\w{5},0.16989731788635254,490,
linux_no_literal,1,3,rg (whitelist),rg -n --no-ignore -tall \w{5}\s+\w{5}\s+\w{5}\s+\w{5}\s+\w{5},0.3308746814727783,419,
linux_no_literal,1,3,rg (whitelist),rg -n --no-ignore -tall \w{5}\s+\w{5}\s+\w{5}\s+\w{5}\s+\w{5},0.27356576919555664,419,
linux_no_literal,1,3,rg (whitelist),rg -n --no-ignore -tall \w{5}\s+\w{5}\s+\w{5}\s+\w{5}\s+\w{5},0.2729830741882324,419,
linux_no_literal,1,3,rg (whitelist) (ASCII),rg -n --no-ignore -tall (?-u)\w{5}\s+\w{5}\s+\w{5}\s+\w{5}\s+\w{5},0.16254186630249023,419,
linux_no_literal,1,3,rg (whitelist) (ASCII),rg -n --no-ignore -tall (?-u)\w{5}\s+\w{5}\s+\w{5}\s+\w{5}\s+\w{5},0.15763211250305176,419,
linux_no_literal,1,3,rg (whitelist) (ASCII),rg -n --no-ignore -tall (?-u)\w{5}\s+\w{5}\s+\w{5}\s+\w{5}\s+\w{5},0.15112638473510742,419,
linux_re_literal_suffix,1,3,rg (ignore),rg -n [A-Z]+_RESUME,0.07556724548339844,1652,
linux_re_literal_suffix,1,3,rg (ignore),rg -n [A-Z]+_RESUME,0.07514452934265137,1652,
linux_re_literal_suffix,1,3,rg (ignore),rg -n [A-Z]+_RESUME,0.06890320777893066,1652,
linux_re_literal_suffix,1,3,rg (whitelist),rg -n --no-ignore -tall [A-Z]+_RESUME,0.061008453369140625,1630,
linux_re_literal_suffix,1,3,rg (whitelist),rg -n --no-ignore -tall [A-Z]+_RESUME,0.06007099151611328,1630,
linux_re_literal_suffix,1,3,rg (whitelist),rg -n --no-ignore -tall [A-Z]+_RESUME,0.058913469314575195,1630,
linux_unicode_greek,1,3,rg,rg -n \p{Greek},0.1675281524658203,23,
linux_unicode_greek,1,3,rg,rg -n \p{Greek},0.1719217300415039,23,
linux_unicode_greek,1,3,rg,rg -n \p{Greek},0.1675257682800293,23,
linux_unicode_greek_casei,1,3,rg,rg -n -i \p{Greek},0.16816997528076172,103,
linux_unicode_greek_casei,1,3,rg,rg -n -i \p{Greek},0.16349577903747559,103,
linux_unicode_greek_casei,1,3,rg,rg -n -i \p{Greek},0.1649951934814453,103,
linux_unicode_word,1,3,rg (ignore),rg -n \wAh,0.07944488525390625,186,
linux_unicode_word,1,3,rg (ignore),rg -n \wAh,0.08015990257263184,186,
linux_unicode_word,1,3,rg (ignore),rg -n \wAh,0.07640767097473145,186,
linux_unicode_word,1,3,rg (ignore) (ASCII),rg -n (?-u)\wAh,0.0741121768951416,174,
linux_unicode_word,1,3,rg (ignore) (ASCII),rg -n (?-u)\wAh,0.07456159591674805,174,
linux_unicode_word,1,3,rg (ignore) (ASCII),rg -n (?-u)\wAh,0.07508492469787598,174,
linux_unicode_word,1,3,rg (whitelist),rg -n --no-ignore -tall \wAh,0.06891131401062012,180,
linux_unicode_word,1,3,rg (whitelist),rg -n --no-ignore -tall \wAh,0.0655059814453125,180,
linux_unicode_word,1,3,rg (whitelist),rg -n --no-ignore -tall \wAh,0.06730937957763672,180,
linux_unicode_word,1,3,rg (whitelist) (ASCII),rg -n --no-ignore -tall (?-u)\wAh,0.0630197525024414,168,
linux_unicode_word,1,3,rg (whitelist) (ASCII),rg -n --no-ignore -tall (?-u)\wAh,0.06429147720336914,168,
linux_unicode_word,1,3,rg (whitelist) (ASCII),rg -n --no-ignore -tall (?-u)\wAh,0.06670451164245605,168,
linux_word,1,3,rg (ignore),rg -n -w PM_RESUME,0.07088422775268555,6,
linux_word,1,3,rg (ignore),rg -n -w PM_RESUME,0.06971001625061035,6,
linux_word,1,3,rg (ignore),rg -n -w PM_RESUME,0.06918931007385254,6,
linux_word,1,3,rg (whitelist),rg -n -w --no-ignore -tall PM_RESUME,0.05994749069213867,6,
linux_word,1,3,rg (whitelist),rg -n -w --no-ignore -tall PM_RESUME,0.06264781951904297,6,
linux_word,1,3,rg (whitelist),rg -n -w --no-ignore -tall PM_RESUME,0.061440467834472656,6,
subtitles_en_alternate,1,3,rg (lines),rg -n Sherlock Holmes|John Watson|Irene Adler|Inspector Lestrade|Professor Moriarty /data/benchsuite/subtitles/OpenSubtitles2016.raw.sample.en,0.4529764652252197,848,
subtitles_en_alternate,1,3,rg (lines),rg -n Sherlock Holmes|John Watson|Irene Adler|Inspector Lestrade|Professor Moriarty /data/benchsuite/subtitles/OpenSubtitles2016.raw.sample.en,0.28824853897094727,848,
subtitles_en_alternate,1,3,rg (lines),rg -n Sherlock Holmes|John Watson|Irene Adler|Inspector Lestrade|Professor Moriarty /data/benchsuite/subtitles/OpenSubtitles2016.raw.sample.en,0.287844181060791,848,
subtitles_en_alternate,1,3,rg,rg Sherlock Holmes|John Watson|Irene Adler|Inspector Lestrade|Professor Moriarty /data/benchsuite/subtitles/OpenSubtitles2016.raw.sample.en,0.34439826011657715,848,
subtitles_en_alternate,1,3,rg,rg Sherlock Holmes|John Watson|Irene Adler|Inspector Lestrade|Professor Moriarty /data/benchsuite/subtitles/OpenSubtitles2016.raw.sample.en,0.34816765785217285,848,
subtitles_en_alternate,1,3,rg,rg Sherlock Holmes|John Watson|Irene Adler|Inspector Lestrade|Professor Moriarty /data/benchsuite/subtitles/OpenSubtitles2016.raw.sample.en,0.23656105995178223,848,
subtitles_en_alternate_casei,1,3,rg,rg -n -i Sherlock Holmes|John Watson|Irene Adler|Inspector Lestrade|Professor Moriarty /data/benchsuite/subtitles/OpenSubtitles2016.raw.sample.en,2.026144027709961,862,
subtitles_en_alternate_casei,1,3,rg,rg -n -i Sherlock Holmes|John Watson|Irene Adler|Inspector Lestrade|Professor Moriarty /data/benchsuite/subtitles/OpenSubtitles2016.raw.sample.en,2.2452991008758545,862,
subtitles_en_alternate_casei,1,3,rg,rg -n -i Sherlock Holmes|John Watson|Irene Adler|Inspector Lestrade|Professor Moriarty /data/benchsuite/subtitles/OpenSubtitles2016.raw.sample.en,2.2087535858154297,862,
subtitles_en_literal,1,3,rg,rg Sherlock Holmes /data/benchsuite/subtitles/OpenSubtitles2016.raw.sample.en,0.2194046974182129,629,
subtitles_en_literal,1,3,rg,rg Sherlock Holmes /data/benchsuite/subtitles/OpenSubtitles2016.raw.sample.en,0.22587895393371582,629,
subtitles_en_literal,1,3,rg,rg Sherlock Holmes /data/benchsuite/subtitles/OpenSubtitles2016.raw.sample.en,0.22500324249267578,629,
subtitles_en_literal,1,3,rg (no mmap),rg --no-mmap Sherlock Holmes /data/benchsuite/subtitles/OpenSubtitles2016.raw.sample.en,0.3005552291870117,629,
subtitles_en_literal,1,3,rg (no mmap),rg --no-mmap Sherlock Holmes /data/benchsuite/subtitles/OpenSubtitles2016.raw.sample.en,0.2805304527282715,629,
subtitles_en_literal,1,3,rg (no mmap),rg --no-mmap Sherlock Holmes /data/benchsuite/subtitles/OpenSubtitles2016.raw.sample.en,0.30254316329956055,629,
subtitles_en_literal,1,3,rg (lines),rg -n Sherlock Holmes /data/benchsuite/subtitles/OpenSubtitles2016.raw.sample.en,0.2822296619415283,629,
subtitles_en_literal,1,3,rg (lines),rg -n Sherlock Holmes /data/benchsuite/subtitles/OpenSubtitles2016.raw.sample.en,0.2205369472503662,629,
subtitles_en_literal,1,3,rg (lines),rg -n Sherlock Holmes /data/benchsuite/subtitles/OpenSubtitles2016.raw.sample.en,0.23558998107910156,629,
subtitles_en_literal_casei,1,3,rg,rg -i Sherlock Holmes /data/benchsuite/subtitles/OpenSubtitles2016.raw.sample.en,0.4217369556427002,642,
subtitles_en_literal_casei,1,3,rg,rg -i Sherlock Holmes /data/benchsuite/subtitles/OpenSubtitles2016.raw.sample.en,0.4352266788482666,642,
subtitles_en_literal_casei,1,3,rg,rg -i Sherlock Holmes /data/benchsuite/subtitles/OpenSubtitles2016.raw.sample.en,0.3286154270172119,642,
subtitles_en_literal_casei,1,3,rg (lines),rg -n -i Sherlock Holmes /data/benchsuite/subtitles/OpenSubtitles2016.raw.sample.en,0.4068911075592041,642,
subtitles_en_literal_casei,1,3,rg (lines),rg -n -i Sherlock Holmes /data/benchsuite/subtitles/OpenSubtitles2016.raw.sample.en,0.4721720218658447,642,
subtitles_en_literal_casei,1,3,rg (lines),rg -n -i Sherlock Holmes /data/benchsuite/subtitles/OpenSubtitles2016.raw.sample.en,0.49277544021606445,642,
subtitles_en_literal_word,1,3,rg (ASCII),rg -n (?-u:\b)Sherlock Holmes(?-u:\b) /data/benchsuite/subtitles/OpenSubtitles2016.raw.sample.en,0.2922394275665283,629,
subtitles_en_literal_word,1,3,rg (ASCII),rg -n (?-u:\b)Sherlock Holmes(?-u:\b) /data/benchsuite/subtitles/OpenSubtitles2016.raw.sample.en,0.2809920310974121,629,
subtitles_en_literal_word,1,3,rg (ASCII),rg -n (?-u:\b)Sherlock Holmes(?-u:\b) /data/benchsuite/subtitles/OpenSubtitles2016.raw.sample.en,0.2835381031036377,629,
subtitles_en_literal_word,1,3,rg,rg -nw Sherlock Holmes /data/benchsuite/subtitles/OpenSubtitles2016.raw.sample.en,0.28315305709838867,629,
subtitles_en_literal_word,1,3,rg,rg -nw Sherlock Holmes /data/benchsuite/subtitles/OpenSubtitles2016.raw.sample.en,0.29279136657714844,629,
subtitles_en_literal_word,1,3,rg,rg -nw Sherlock Holmes /data/benchsuite/subtitles/OpenSubtitles2016.raw.sample.en,0.29344797134399414,629,
subtitles_en_no_literal,1,3,rg,rg -n \w{5}\s+\w{5}\s+\w{5}\s+\w{5}\s+\w{5}\s+\w{5}\s+\w{5} /data/benchsuite/subtitles/OpenSubtitles2016.raw.sample.en,2.0767383575439453,13,
subtitles_en_no_literal,1,3,rg,rg -n \w{5}\s+\w{5}\s+\w{5}\s+\w{5}\s+\w{5}\s+\w{5}\s+\w{5} /data/benchsuite/subtitles/OpenSubtitles2016.raw.sample.en,2.0589702129364014,13,
subtitles_en_no_literal,1,3,rg,rg -n \w{5}\s+\w{5}\s+\w{5}\s+\w{5}\s+\w{5}\s+\w{5}\s+\w{5} /data/benchsuite/subtitles/OpenSubtitles2016.raw.sample.en,1.8731834888458252,13,
subtitles_en_no_literal,1,3,rg (ASCII),rg -n (?-u)\w{5}\s+\w{5}\s+\w{5}\s+\w{5}\s+\w{5}\s+\w{5}\s+\w{5} /data/benchsuite/subtitles/OpenSubtitles2016.raw.sample.en,1.6820619106292725,13,
subtitles_en_no_literal,1,3,rg (ASCII),rg -n (?-u)\w{5}\s+\w{5}\s+\w{5}\s+\w{5}\s+\w{5}\s+\w{5}\s+\w{5} /data/benchsuite/subtitles/OpenSubtitles2016.raw.sample.en,1.8845677375793457,13,
subtitles_en_no_literal,1,3,rg (ASCII),rg -n (?-u)\w{5}\s+\w{5}\s+\w{5}\s+\w{5}\s+\w{5}\s+\w{5}\s+\w{5} /data/benchsuite/subtitles/OpenSubtitles2016.raw.sample.en,1.6996817588806152,13,
subtitles_en_surrounding_words,1,3,rg,rg -n \w+\s+Holmes\s+\w+ /data/benchsuite/subtitles/OpenSubtitles2016.raw.sample.en,0.2987375259399414,317,
subtitles_en_surrounding_words,1,3,rg,rg -n \w+\s+Holmes\s+\w+ /data/benchsuite/subtitles/OpenSubtitles2016.raw.sample.en,0.2955625057220459,317,
subtitles_en_surrounding_words,1,3,rg,rg -n \w+\s+Holmes\s+\w+ /data/benchsuite/subtitles/OpenSubtitles2016.raw.sample.en,0.2865116596221924,317,
subtitles_en_surrounding_words,1,3,rg (ASCII),rg -n (?-u)\w+\s+Holmes\s+\w+ /data/benchsuite/subtitles/OpenSubtitles2016.raw.sample.en,0.27387547492980957,317,
subtitles_en_surrounding_words,1,3,rg (ASCII),rg -n (?-u)\w+\s+Holmes\s+\w+ /data/benchsuite/subtitles/OpenSubtitles2016.raw.sample.en,0.2899343967437744,317,
subtitles_en_surrounding_words,1,3,rg (ASCII),rg -n (?-u)\w+\s+Holmes\s+\w+ /data/benchsuite/subtitles/OpenSubtitles2016.raw.sample.en,0.19668984413146973,317,
subtitles_ru_alternate,1,3,rg (lines),rg -n Шерлок Холмс|Джон Уотсон|Ирен Адлер|инспектор Лестрейд|профессор Мориарти /data/benchsuite/subtitles/OpenSubtitles2016.raw.ru,1.4088802337646484,691,
subtitles_ru_alternate,1,3,rg (lines),rg -n Шерлок Холмс|Джон Уотсон|Ирен Адлер|инспектор Лестрейд|профессор Мориарти /data/benchsuite/subtitles/OpenSubtitles2016.raw.ru,1.3826014995574951,691,
subtitles_ru_alternate,1,3,rg (lines),rg -n Шерлок Холмс|Джон Уотсон|Ирен Адлер|инспектор Лестрейд|профессор Мориарти /data/benchsuite/subtitles/OpenSubtitles2016.raw.ru,1.4164769649505615,691,
subtitles_ru_alternate,1,3,rg,rg Шерлок Холмс|Джон Уотсон|Ирен Адлер|инспектор Лестрейд|профессор Мориарти /data/benchsuite/subtitles/OpenSubtitles2016.raw.ru,1.2548110485076904,691,
subtitles_ru_alternate,1,3,rg,rg Шерлок Холмс|Джон Уотсон|Ирен Адлер|инспектор Лестрейд|профессор Мориарти /data/benchsuite/subtitles/OpenSubtitles2016.raw.ru,1.080472707748413,691,
subtitles_ru_alternate,1,3,rg,rg Шерлок Холмс|Джон Уотсон|Ирен Адлер|инспектор Лестрейд|профессор Мориарти /data/benchsuite/subtitles/OpenSubtitles2016.raw.ru,1.3337528705596924,691,
subtitles_ru_alternate_casei,1,3,rg,rg -n -i Шерлок Холмс|Джон Уотсон|Ирен Адлер|инспектор Лестрейд|профессор Мориарти /data/benchsuite/subtitles/OpenSubtitles2016.raw.ru,3.449100971221924,735,
subtitles_ru_alternate_casei,1,3,rg,rg -n -i Шерлок Холмс|Джон Уотсон|Ирен Адлер|инспектор Лестрейд|профессор Мориарти /data/benchsuite/subtitles/OpenSubtitles2016.raw.ru,3.747535467147827,735,
subtitles_ru_alternate_casei,1,3,rg,rg -n -i Шерлок Холмс|Джон Уотсон|Ирен Адлер|инспектор Лестрейд|профессор Мориарти /data/benchsuite/subtitles/OpenSubtitles2016.raw.ru,3.7990715503692627,735,
subtitles_ru_literal,1,3,rg,rg Шерлок Холмс /data/benchsuite/subtitles/OpenSubtitles2016.raw.ru,0.21280717849731445,583,
subtitles_ru_literal,1,3,rg,rg Шерлок Холмс /data/benchsuite/subtitles/OpenSubtitles2016.raw.ru,0.18636178970336914,583,
subtitles_ru_literal,1,3,rg,rg Шерлок Холмс /data/benchsuite/subtitles/OpenSubtitles2016.raw.ru,0.2740190029144287,583,
subtitles_ru_literal,1,3,rg (no mmap),rg --no-mmap Шерлок Холмс /data/benchsuite/subtitles/OpenSubtitles2016.raw.ru,0.36304640769958496,583,
subtitles_ru_literal,1,3,rg (no mmap),rg --no-mmap Шерлок Холмс /data/benchsuite/subtitles/OpenSubtitles2016.raw.ru,0.3737907409667969,583,
subtitles_ru_literal,1,3,rg (no mmap),rg --no-mmap Шерлок Холмс /data/benchsuite/subtitles/OpenSubtitles2016.raw.ru,0.37337779998779297,583,
subtitles_ru_literal,1,3,rg (lines),rg -n Шерлок Холмс /data/benchsuite/subtitles/OpenSubtitles2016.raw.ru,0.2974729537963867,583,
subtitles_ru_literal,1,3,rg (lines),rg -n Шерлок Холмс /data/benchsuite/subtitles/OpenSubtitles2016.raw.ru,0.2715010643005371,583,
subtitles_ru_literal,1,3,rg (lines),rg -n Шерлок Холмс /data/benchsuite/subtitles/OpenSubtitles2016.raw.ru,0.36052799224853516,583,
subtitles_ru_literal_casei,1,3,rg,rg -i Шерлок Холмс /data/benchsuite/subtitles/OpenSubtitles2016.raw.ru,1.206491231918335,604,
subtitles_ru_literal_casei,1,3,rg,rg -i Шерлок Холмс /data/benchsuite/subtitles/OpenSubtitles2016.raw.ru,1.202974557876587,604,
subtitles_ru_literal_casei,1,3,rg,rg -i Шерлок Холмс /data/benchsuite/subtitles/OpenSubtitles2016.raw.ru,1.195291519165039,604,
subtitles_ru_literal_casei,1,3,rg (lines),rg -n -i Шерлок Холмс /data/benchsuite/subtitles/OpenSubtitles2016.raw.ru,1.2875757217407227,604,
subtitles_ru_literal_casei,1,3,rg (lines),rg -n -i Шерлок Холмс /data/benchsuite/subtitles/OpenSubtitles2016.raw.ru,1.2895469665527344,604,
subtitles_ru_literal_casei,1,3,rg (lines),rg -n -i Шерлок Холмс /data/benchsuite/subtitles/OpenSubtitles2016.raw.ru,1.277585506439209,604,
subtitles_ru_literal_word,1,3,rg (ASCII),rg -n (?-u:\b)Шерлок Холмс(?-u:\b) /data/benchsuite/subtitles/OpenSubtitles2016.raw.ru,0.2928614616394043,,
subtitles_ru_literal_word,1,3,rg (ASCII),rg -n (?-u:\b)Шерлок Холмс(?-u:\b) /data/benchsuite/subtitles/OpenSubtitles2016.raw.ru,0.2610359191894531,,
subtitles_ru_literal_word,1,3,rg (ASCII),rg -n (?-u:\b)Шерлок Холмс(?-u:\b) /data/benchsuite/subtitles/OpenSubtitles2016.raw.ru,0.2692301273345947,,
subtitles_ru_literal_word,1,3,rg,rg -nw Шерлок Холмс /data/benchsuite/subtitles/OpenSubtitles2016.raw.ru,0.36007237434387207,579,
subtitles_ru_literal_word,1,3,rg,rg -nw Шерлок Холмс /data/benchsuite/subtitles/OpenSubtitles2016.raw.ru,0.37184953689575195,579,
subtitles_ru_literal_word,1,3,rg,rg -nw Шерлок Холмс /data/benchsuite/subtitles/OpenSubtitles2016.raw.ru,0.3902134895324707,579,
subtitles_ru_no_literal,1,3,rg,rg -n \w{5}\s+\w{5}\s+\w{5}\s+\w{5}\s+\w{5}\s+\w{5}\s+\w{5} /data/benchsuite/subtitles/OpenSubtitles2016.raw.ru,3.2949090003967285,41,
subtitles_ru_no_literal,1,3,rg,rg -n \w{5}\s+\w{5}\s+\w{5}\s+\w{5}\s+\w{5}\s+\w{5}\s+\w{5} /data/benchsuite/subtitles/OpenSubtitles2016.raw.ru,3.48958683013916,41,
subtitles_ru_no_literal,1,3,rg,rg -n \w{5}\s+\w{5}\s+\w{5}\s+\w{5}\s+\w{5}\s+\w{5}\s+\w{5} /data/benchsuite/subtitles/OpenSubtitles2016.raw.ru,3.389604091644287,41,
subtitles_ru_no_literal,1,3,rg (ASCII),rg -n (?-u)\w{5}\s+\w{5}\s+\w{5}\s+\w{5}\s+\w{5}\s+\w{5}\s+\w{5} /data/benchsuite/subtitles/OpenSubtitles2016.raw.ru,2.894768714904785,,
subtitles_ru_no_literal,1,3,rg (ASCII),rg -n (?-u)\w{5}\s+\w{5}\s+\w{5}\s+\w{5}\s+\w{5}\s+\w{5}\s+\w{5} /data/benchsuite/subtitles/OpenSubtitles2016.raw.ru,2.873474359512329,,
subtitles_ru_no_literal,1,3,rg (ASCII),rg -n (?-u)\w{5}\s+\w{5}\s+\w{5}\s+\w{5}\s+\w{5}\s+\w{5}\s+\w{5} /data/benchsuite/subtitles/OpenSubtitles2016.raw.ru,3.088130474090576,,
subtitles_ru_surrounding_words,1,3,rg,rg -n \w+\s+Холмс\s+\w+ /data/benchsuite/subtitles/OpenSubtitles2016.raw.ru,0.3918273448944092,278,
subtitles_ru_surrounding_words,1,3,rg,rg -n \w+\s+Холмс\s+\w+ /data/benchsuite/subtitles/OpenSubtitles2016.raw.ru,0.38251543045043945,278,
subtitles_ru_surrounding_words,1,3,rg,rg -n \w+\s+Холмс\s+\w+ /data/benchsuite/subtitles/OpenSubtitles2016.raw.ru,0.2919657230377197,278,
